,fold_0,fold_1,fold_2,fold_3,fold_4,fold_5
MOM_DistSMA5-25_RAW,1.0758512806831573e-05,9.868876529703176e-05,5.381483474162208e-05,2.477368800681511e-05,0.0002569988249794884,4.963600013734579e-05
MOM_DistSMA25-75_RAW,0.00020317560475949838,0.0001230340395743879,5.1322376581827334e-05,0.0003175309153317132,0.00023861905879247913,0.00039829163569987284
MOM_LinRegSlope10_RAW,2.634241593174115e-06,3.897743233963515e-05,1.5472265804700943e-05,1.1135556820070828e-05,3.4288199231316485e-06,3.9035328342493814e-05
MOM_DistHigh60_RAW,3.250047106656021e-06,0.00011052550917188147,1.3828314086358063e-05,1.6560140060228464e-05,2.5475847428384615e-05,6.061184863512777e-05
MOM_DistKijun_RAW,1.8005892305565724e-05,4.300175523037683e-05,0.0,5.225810002413644e-05,4.1577871423510817e-05,1.980672825315026e-05
MOM_NewHighFlag3_RAW,0.0,0.0,0.0,0.0,0.0,0.0
MOM_PricePos120_RAW,5.325172526776733e-05,5.879491556966625e-05,9.24448424354284e-06,1.940710297916107e-05,0.0,3.139933554601732e-05
MOM_IchimokuDist_RAW,0.0,5.6971139390529935e-05,1.2869418343426407e-05,8.847765549506407e-05,2.159771978394518e-05,3.630178443528466e-05
MOM_Return10d_RAW,2.2088350898615787e-05,0.00014819718956116294,0.0,2.7505156058844062e-05,0.0,3.758915497169855e-05
MOM_Return20d_RAW,1.7721900916746914e-05,9.9849619069813e-05,2.7005088376170525e-06,0.00018735215004686816,2.7455931676091436e-05,2.6822828012991876e-05
MOM_BullishRatio20_RAW,0.0,1.446756845881545e-05,0.0,0.0,0.0,0.0
MOM_ClosePosition_RAW,0.0,4.169270369338063e-06,0.0,2.9590995935708953e-05,4.721587185699137e-06,3.171235738307185e-05
MOM_MaxGain5_RAW,3.133024242875952e-05,7.178869446792931e-05,0.0,3.603148927239765e-05,3.7492367989569846e-05,3.621435807688203e-05
MOM_RCI26_RAW,1.3104940454498155e-05,9.610439807223075e-05,4.500920877342501e-06,0.00017960231180597577,0.0003631207715210277,4.8048791219036535e-05
MOM_RCI52_RAW,0.00022192258491054626,0.0002874987257639759,0.0003108844645992872,6.856234422603973e-05,0.0002105192708963,0.00024823605565346544
MOM_Momentum12-1_RAW,7.447471245924762e-05,0.00022828257316947898,4.8351525663144725e-05,0.0001749032203941867,0.0001208655006177249,0.00015879477351765317
MOM_WinRate10d_RAW,0.0,0.0,0.0,0.0,0.0,0.0
MOM_MADev25_RAW,5.543639537502988e-05,0.00010723360629789857,0.0,7.998964944880175e-05,3.3254444518808236e-06,3.431631162483648e-05
MOM_MADev75_RAW,8.336069378572629e-05,0.00039132059606337554,0.00010053917811350416,0.00025607939740516204,0.00026707111085648764,0.0002849647984769581
MOM_MADev200_RAW,2.06838247800691e-05,0.00013031859240619353,9.446031073857433e-06,4.969311733341839e-05,1.3170116294998409e-05,5.76084939555502e-05
MOM_Return6m_RAW,2.0338317747116342e-05,0.0002353654044073556,3.8569623790114746e-05,0.00010083110158380542,5.737962687478149e-05,4.6190102754308585e-05
MOM_Return12m_RAW,9.233725557263979e-05,0.0002992555589673016,1.031814535847705e-05,0.00038498691926654866,0.0001049221149936637,0.00033685395982596916
MOM_High52wDist_RAW,2.811677896662733e-05,0.00012219630963298647,2.5962045445170406e-05,0.00014486451156893316,2.1810769146232832e-05,6.607307589908716e-05
VOL_MAE5_RAW,7.194498651725179e-06,0.0006509725185038691,3.9669508812538945e-05,0.00023345667104289266,3.9834951192056216e-05,2.2792274211794318e-05
VOL_MAE10_RAW,2.538927393113569e-06,0.0003803371595527548,0.0,1.3359866622355348e-05,2.178999831137623e-05,0.00017138633826421554
VOL_DownsideRun_RAW,1.8533391873509852e-05,0.00032859991712695804,0.0,2.6190773668656224e-05,0.0,1.2812475360260453e-05
VOL_GapAbs_RAW,0.0,4.669380114924556e-05,0.0,8.06913852149159e-06,2.6198305330075753e-05,7.813805014476203e-06
VOL_LargeMoveCount_RAW,0.0,4.561516486743012e-05,0.0,2.4109065082046512e-05,0.0,5.202760681186958e-06
VOL_ATRRatio_RAW,5.87282559101199e-05,9.784612419010317e-05,2.8930780081416817e-05,9.123132868072225e-05,2.857443262226252e-05,0.0003026345099637123
VOL_ATRSqueezeBB_RAW,4.757776774036308e-05,8.862961517770463e-05,3.7332504858751194e-05,1.5763467323127896e-05,3.149361613531888e-05,2.655272964172403e-05
VOL_HistVol20_RAW,1.1979856721483227e-05,7.293603645721449e-05,3.218298563050122e-05,5.3978596799436446e-05,3.01744564808181e-05,0.00013646985000270354
VOL_HV30_RAW,1.0975298254156962e-05,0.0001832333705959575,2.9049080480371177e-06,5.2332981159309465e-05,3.0641191865526776e-05,0.0001799874477238316
VOL_UlcerIndex14_RAW,1.566386686254242e-05,0.00015939141817174486,3.107622817229256e-05,7.389644739189752e-05,2.1052254378574487e-05,1.768065148739026e-05
VOL_VolatilityParkinson_RAW,5.789470710170332e-05,0.00025852873756881646,0.0,0.0002512089683895919,2.244517752024495e-05,0.0002488624388864708
VOL_ReturnVolatility_RAW,2.6822294807456037e-05,0.00010761014018221539,0.0,7.461730143381834e-05,2.906996791751011e-05,0.000272862044102821
VOL_DownsideDev60_RAW,4.401898297718862e-05,0.0003481686619908726,3.721480209335451e-06,0.00012196628786474737,6.627138873893292e-05,0.000600252235840042
VOL_Volatility60_RAW,5.2476578614224036e-05,0.00011270075097965965,2.9199815637536934e-05,9.33557472657256e-05,3.2927393412564934e-05,0.00019706912543769614
LIQ_VolSpikeCount20_RAW,0.0,5.60185525679151e-06,0.0,0.0,0.0,0.0
QLT_ROE_RAW,4.8387245719612175e-05,3.8033557397186424e-05,0.0,2.7147128943265786e-05,0.0,9.095027135657208e-06
QLT_SalesGrowthYOY_RAW,6.065413404014906e-05,0.00013135536788831702,8.718480266360549e-06,6.866651109178772e-05,2.3604733572491983e-05,0.00011299196363966733
SPD_VWAPDev_RAW,3.28101056308075e-05,0.0010133782391098867,7.987564716147401e-06,0.0010260293294814206,3.540002845930406e-05,0.0006489775388586068
SPD_MarketForeignBuy_RAW,0.0001354251356757371,0.00022059041176454772,0.00010663609743913754,0.00036811835262773155,0.00038259551696068656,0.0006937910512930509
SPD_MarketIndividualBuy_RAW,0.000463711881908745,0.0016888117912509638,0.00021655318719104524,0.0006373116451494085,0.0002333422772101817,0.001029874327267511
SPD_OverseaFlowTrend_RAW,0.0002623988487022604,0.0015498171292225868,9.223762414216004e-05,0.00041956624308939964,0.0006742477152507766,0.0005977331677500493
BET_Beta60_RAW,0.00019306890217537872,0.00024226470496639508,0.00013386211365768306,0.00026371824291556426,0.00022333633136126393,0.00023957656738499326
BET_MarketHV20_RAW,0.0006714940518941597,0.0010676048235826897,0.0005504241895157093,0.0003934630690348392,0.00025583322285383707,0.000562450516033098
BET_SectorRel_RAW,3.703754941498957e-05,0.00024366854440274375,0.0,0.00015907664085833883,8.193687638795833e-05,8.862516072570134e-05
BET_SectorRelStrength60_RAW,9.46427440129574e-05,0.000439953953297149,3.663843551298366e-05,0.00018058211236268357,0.00014235111225810728,0.0003294469838759195
SEA_MonthInQuarter_RAW,0.0007358782664337417,0.0005971541870369597,0.00015754767570532233,0.0001244240823758978,0.00011134227553481391,0.0011066603502114152
SEA_DayOfMonth_RAW,0.0004506199235682932,0.004335715759983735,0.00045363192038582134,0.0019461323714641482,0.0006672160812754155,0.0038932459582771317
SEA_DayOfWeek_RAW,3.665427243613155e-05,0.00026789004683049734,3.369250521761888e-06,0.00011469923919537074,4.146842954909307e-05,0.00031109851860149947
SEA_SinDayOfWeek_RAW,2.109570752960578e-05,0.00023486820391981368,3.1967837562635327e-06,5.816322243357157e-05,1.383788531534171e-05,0.00017146724863934893
SEA_CosDayOfWeek_RAW,1.43625736324558e-05,7.351712349964617e-05,3.483871226053442e-05,2.454031935480773e-05,1.3088671072112825e-05,9.529887106659789e-05
SEA_IsGotobi_RAW,0.0,4.262756827101164e-05,5.6398043554229557e-05,1.120984960859084e-05,1.3500226685311136e-05,5.170122915322864e-06
SEA_IsMonthEnd_RAW,1.555561041729537e-05,9.956664088114744e-05,0.0,6.652255162064993e-05,8.398899278012853e-05,0.00010414045151272829
SEA_Quarter_RAW,3.316965362027047e-05,0.0004293031005769102,1.0435627134725257e-05,0.0003512124928145878,0.0007993782166493198,0.00011252542294929374
SEA_IsQuarterEnd_RAW,0.0001369009588057788,0.0005409628639725258,0.0,2.6875366406881696e-05,4.6755142540638e-05,0.00038091247883329714
SEA_TimeIdx_RAW,0.00026153197330605355,0.0002487461194001566,0.00014645995222736466,0.00013927824741694013,0.0004498503769860418,0.0013991565416822823
EVT_IsMissingEPS_RAW,0.0,0.0,0.0,0.0,0.0,0.0
EVT_LogDaysSincePub_RAW,1.405330073865394e-05,0.00014156848587619787,0.0,8.29576230165838e-05,4.7250951781071854e-05,0.00015407395381588257
CON_RevisionRate_RAW,1.4746128560257306e-06,1.0911712342207198e-05,0.0,1.2224757035304636e-05,0.0,1.1419660980256379e-05
CON_ProgressRate_RAW,1.676050051925743e-05,7.933389673671328e-05,1.7321059082251795e-05,0.000154508617333633,6.628566029226487e-06,5.741588327499572e-05
GOV_MarketSegment_RAW,0.0,7.955604598714975e-05,1.1795850816037565e-05,0.0,2.5006328932113376e-05,7.274287368330165e-05
GOV_Sector33Code_RAW,1.1122759002894141e-05,0.00031060524019265086,0.00011273276736599775,5.726909536931869e-05,9.95574993618252e-05,8.010164498306615e-05
MOM_ADX14_TSZ_20D,0.0,2.0991591706497075e-05,0.0,8.990824586187238e-06,0.0,3.723259101855687e-06
MOM_ADX14_TSR_252D,1.5203358939702508e-05,4.744303801879605e-05,0.0,0.0,4.8842264700408315e-06,2.806384846423806e-06
MOM_DistSMA5_TSZ_20D,0.0,4.886362815896913e-05,0.0,7.932291813456509e-05,1.1435612935531352e-05,2.5739350572437483e-05
MOM_DistSMA5-25_TSZ_20D,2.8373603757337654e-05,3.509802925246988e-05,0.0,9.51507256893595e-06,7.144500894241067e-06,7.648616423676255e-06
MOM_DistSMA5-25_TSR_252D,0.0,3.712303032951829e-05,0.0,9.876725274390011e-06,3.314260385347259e-05,9.787717018645692e-06
MOM_DistSMA25-75_TSZ_20D,0.0,0.0006237111654813379,1.273165692510196e-05,0.0001359487973204487,0.0,0.000245856909401645
MOM_DistSMA25-75_TSR_252D,2.0267220556923647e-05,0.0002184125241909659,3.151715514900412e-05,2.997020370564934e-05,2.2299337720470978e-05,0.0001953362312564745
MOM_EfficiencyRatio10_TSZ_20D,0.0,1.6844239295189673e-06,0.0,0.0,0.0,0.0
MOM_EfficiencyRatio10_TSR_252D,2.0267970045222684e-05,2.5217375122049198e-06,0.0,3.892664666634661e-05,1.0787687019348627e-05,2.0432364782848802e-06
MOM_MACDHistNorm_TSZ_20D,2.2673759128981553e-05,5.739328836259844e-05,9.734464154582052e-06,2.052354849533523e-05,3.260635716683792e-06,4.79509671287052e-05
MOM_MACDHistNorm_TSR_252D,3.299778225635008e-05,4.4523585448419534e-05,0.0,5.2668803188672655e-06,0.0,1.1530732101206263e-05
MOM_MACDHistDiff_TSZ_20D,6.583160507230542e-06,5.720887231900984e-05,1.229709234420099e-05,0.00010162648923491376,1.983138319310925e-05,8.022479092284954e-05
MOM_MACDHistDiff_TSR_252D,1.9196739678820002e-05,0.00010137239076208094,5.3869578926439665e-06,0.00020403449589077798,3.200418633180313e-06,3.917237715163546e-05
MOM_DistHigh60_TSZ_20D,1.4191341406712554e-05,1.8816367319579508e-05,0.0,5.3176211963050045e-05,0.0,0.0
MOM_DistHigh60_TSR_252D,0.0,9.424738770395261e-05,1.5442824637075705e-05,1.4859659604982112e-05,6.574470761291486e-06,0.0001982156631137486
MOM_DistHigh250_TSZ_20D,0.0,6.629236206558295e-05,0.0,6.813165274422952e-05,0.0,0.0
MOM_DistKijun_TSZ_20D,2.3560512146990813e-06,4.9160159455140684e-05,0.0,1.3012517023678544e-05,0.0,1.1652629174671557e-05
MOM_DistKijun_TSR_252D,2.6685102735959917e-06,5.348587937847195e-05,1.269387299530643e-05,3.324889945877717e-05,0.0,0.0
MOM_NewHighFlag3_TSZ_20D,6.4027227219238905e-06,1.8926486856463766e-05,0.0,2.780822516637423e-05,4.325220694121491e-06,8.376583058578909e-06
MOM_NewHighFlag3_TSR_252D,1.0012937113391072e-05,0.00016626183683530256,3.0438319635170053e-05,0.00020437035364870423,3.823884047892789e-05,0.00012042721272895777
MOM_PricePos120_TSZ_20D,1.0114373065682916e-05,1.6807190279682497e-05,0.0,1.1874494168251307e-05,7.713365660643136e-06,6.362214730388353e-06
MOM_PricePos120_TSR_252D,0.0,3.121098828356908e-05,0.0,1.509558558321534e-05,2.598930259798024e-06,7.763424345481105e-06
MOM_IchimokuDist_TSZ_20D,0.0,2.181743791008075e-05,0.0,1.741862106128637e-05,0.0,8.163703125648135e-06
MOM_IchimokuDist_TSR_252D,5.8668233154942626e-05,5.819571668102513e-05,1.787311052240542e-05,3.9913878068778015e-05,5.764074820220389e-06,2.895667744434158e-05
MOM_LogReturn_TSR_252D,4.859192435057166e-05,0.00017098844462169106,3.374141701740276e-06,8.705697262916089e-05,1.5161579726828455e-05,4.60700861872169e-05
MOM_Return3d_TSZ_20D,0.0,0.00012995911621709584,0.0,8.641303583310249e-05,5.872755591635464e-05,1.593349768003152e-05
MOM_Return3d_TSR_252D,1.998683286752894e-05,8.669831497989715e-05,0.0,8.378886668956536e-05,7.451653608826435e-06,3.7494370979556696e-05
MOM_Return5d_TSZ_20D,2.0033719499862544e-05,5.628526267245894e-05,0.0,5.973977812145904e-05,4.219708852449601e-06,3.143113991288373e-05
MOM_Return5d_TSR_252D,4.260881315034632e-06,8.775525265817374e-05,0.0,3.743612943833125e-05,1.874781178092711e-06,1.4205929329462477e-05
MOM_Return10d_TSZ_20D,0.0,0.00011129570072280779,0.0,1.7330046578449165e-05,5.773739722054302e-06,3.2788515076412815e-05
MOM_Return10d_TSR_252D,2.1659215403317298e-05,3.8276623475791425e-05,4.876989492088227e-06,2.6262781651283782e-05,0.0,1.0198591498641026e-05
MOM_Return20d_TSZ_20D,0.0,4.695925136313749e-05,2.054459956470417e-06,5.083342992524599e-05,4.14646391281867e-05,1.0424935007935225e-05
MOM_Return20d_TSR_252D,1.4529296247615151e-05,5.910219455333562e-05,0.0,5.4154507032454634e-05,5.7228919626993165e-06,2.6685945218378336e-05
MOM_Return1dLag1_TSR_252D,8.995225034355734e-06,0.0004115706500873922,5.860810233545975e-06,3.5944180000858355e-05,2.6088441452755243e-05,5.8665101525310546e-05
MOM_Return1dLag2_TSR_252D,7.144852705698471e-05,0.0009597608590252158,0.0,8.366115380717199e-05,4.492734236987096e-05,4.2180365267698e-05
MOM_RSI9-14Diff_TSZ_20D,8.313064000089235e-06,3.983030303966228e-05,0.0,7.350435533686885e-05,1.5903527895320707e-06,9.931988875708134e-06
MOM_RSI9-14Diff_TSR_252D,1.907644686810039e-05,7.105826443964386e-05,1.0565206573387759e-05,8.351028723372746e-06,2.71939092719901e-05,9.272137184181853e-06
MOM_BBPercentB_TSZ_20D,2.406935600386478e-05,4.8862042593573355e-06,0.0,0.0,4.0735459845587495e-06,0.0
MOM_UpperShadowRatio_TSZ_20D,0.0,3.9302678118123466e-05,0.0,5.61656525943603e-06,0.0,0.0
MOM_UpperShadowRatio_TSR_252D,0.0,1.684889325597166e-05,0.0,4.3620220876428956e-06,0.0,0.0
MOM_LowerShadowRatio_TSZ_20D,0.0,1.0039252476597736e-05,0.0,3.628098868713872e-06,0.0,2.431907159263948e-06
MOM_LowerShadowRatio_TSR_252D,1.9053596698237416e-05,3.6967056973500096e-05,0.0,2.0236099925830554e-06,0.0,3.576849303349749e-05
MOM_IntradayStrength_TSR_252D,2.262623182040736e-06,0.00011618859090736158,0.0,3.537666708566918e-05,0.0,2.7953198177987684e-05
MOM_LowerShadowMA5_TSZ_20D,0.0,0.00012137947170210178,8.956401774518445e-06,0.0,0.0,0.0
MOM_LowerShadowMA5_TSR_252D,0.0,2.6740481767213533e-05,0.0,5.2225481039462375e-06,0.0,0.0
MOM_Streak_TSZ_20D,7.601975913332552e-06,1.794645726749039e-05,1.2982580926820014e-05,1.746706122126333e-05,0.0,6.712803919730554e-06
MOM_Streak_TSR_252D,3.425249233364775e-05,0.00012965282735116472,0.0,6.506019981002165e-05,0.0,4.546834312652553e-06
MOM_BullishRatio20_TSZ_20D,0.0,1.744623016685639e-05,0.0,1.43072394978067e-05,0.0,0.0
MOM_BullishRatio20_TSR_252D,0.0,4.151766866667006e-05,0.0,4.72281885206546e-05,0.0,0.0
MOM_ClosePosition_TSZ_20D,0.0,3.914570625271075e-05,0.0,2.3483274026485953e-05,0.0,5.6138266030031344e-06
MOM_ClosePosition_TSR_252D,2.4236160331794556e-05,5.43523267255839e-05,0.0,1.4085811796435194e-05,1.9238029843200947e-05,2.4998170365530043e-05
MOM_GapRate_TSZ_20D,0.0,2.7394310270123496e-05,7.303790657071612e-05,4.664975647180163e-05,2.974922416270726e-05,1.7227784875938693e-05
MOM_GapRate_TSR_252D,8.201575644913495e-05,0.0008645101214314587,0.0002482781923008394,0.0007506477994218617,0.00026545652533871563,0.00015674183653741763
MOM_MaxGain5_TSZ_20D,0.0,5.741968137768462e-05,0.0,0.00014138877119603037,0.0,7.046393738764009e-05
MOM_MaxGain5_TSR_252D,0.0,7.283325347987324e-05,0.0,0.00010817181145174494,4.856567956188554e-05,4.207707652854652e-05
MOM_RCI9_TSZ_20D,1.0152910600564463e-06,9.206626155177368e-05,7.882562208687657e-06,6.032049918316192e-06,8.861442828816483e-06,0.0
MOM_RCI9_TSR_252D,5.805023612148991e-06,6.251357374434641e-05,2.9421908469982995e-06,1.187158934760736e-05,2.752234175012697e-06,6.6380803548561814e-06
MOM_RCI9Diff_TSR_252D,1.4359174940693451e-05,8.07850968609232e-05,1.8514151686713015e-05,2.9789404801508644e-05,8.923952759473854e-06,0.0
MOM_RCI26_TSZ_20D,8.732020004566682e-06,6.0960749765014735e-05,0.0,4.865512187431039e-05,2.3685526299721263e-05,1.8041291726644556e-05
MOM_RCI26_TSR_252D,0.0,0.00020312760030031577,5.882654205036652e-06,0.00011124104194998383,7.387873012171306e-05,4.254113891030653e-05
MOM_RCI26Diff_TSZ_20D,0.0,2.3529803075690455e-05,0.0,1.717131330214456e-05,0.0,3.2255203325946265e-05
MOM_RCI26Diff_TSR_252D,1.659508484267375e-05,4.869351762638089e-05,0.0,1.8245368517831176e-05,7.3389817936069015e-06,4.4488389784366135e-06
MOM_RCI52_TSZ_20D,1.0820602486927188e-05,9.066468002776356e-05,0.0,0.00040926323501310207,4.024197494569035e-05,0.0002823352946062476
MOM_RCI52_TSR_252D,1.3553030214804842e-05,0.0008010764419922286,0.0,5.4538771205683914e-05,0.00010827491713833351,0.00025551803671602767
MOM_Momentum12-1_TSZ_20D,4.328126399208434e-05,6.813118643388323e-05,3.639043127623018e-05,3.224967755231812e-05,1.1730459825590617e-05,6.55593369068559e-05
MOM_Momentum12-1_TSR_252D,2.5481273720985418e-05,0.0002020145845408207,5.0664398582975185e-06,3.841800194619595e-05,0.0,5.983305653385277e-05
MOM_RetIntraday_TSZ_20D,1.2387407340729066e-05,2.3075468883629946e-05,0.0,4.1304759907141826e-05,2.3002651921213764e-05,2.9031270294772967e-05
MOM_RetIntraday_TSR_252D,0.0,0.0001952226245679213,0.0,2.0217836784602858e-05,3.348752582566962e-05,0.0
MOM_WinRate10d_TSZ_20D,2.8410424268531938e-06,2.1035335998743603e-05,0.0,1.333141300678622e-05,0.0,0.0
MOM_WinRate10d_TSR_252D,3.5147343680069026e-06,1.4983761001773137e-05,8.146054314668251e-06,5.478558310563776e-06,0.0,0.0
MOM_MADev25_TSZ_20D,0.0,2.881039891079128e-05,7.493796523911228e-06,1.2536717905283724e-05,0.0,5.053369038858969e-06
MOM_MADev25_TSR_252D,3.2781077831996524e-06,4.251997824373295e-05,0.0,7.489517456197288e-06,2.289649311849879e-05,5.773975235577287e-06
MOM_MADev75_TSZ_20D,0.0,3.1378916215121834e-05,0.0,2.6141238762319715e-05,1.0526398579387859e-05,2.1320399852198175e-05
MOM_MADev75_TSR_252D,5.412884631814553e-05,0.0003921475550234346,0.0,3.7008092813944486e-05,0.00014423596043864004,0.00026075778371424007
MOM_MADev200_TSZ_20D,0.0,7.219161334943266e-06,0.0,1.1347845034962342e-05,0.0,1.7092945660827997e-05
MOM_MADev200_TSR_252D,0.0,2.005007510337625e-05,0.0,3.566021957214769e-05,2.339257560923275e-06,1.1571973037908244e-05
MOM_Return6m_TSZ_20D,0.0,0.00010789262165102244,0.0,0.00010611531983374927,0.0,3.114043715842574e-05
MOM_Return6m_TSR_252D,0.0,7.506724593710787e-05,9.075380571073814e-06,7.361872836175718e-05,5.244113803229239e-06,6.512446047328386e-05
MOM_Return12m_TSZ_20D,2.6646147033394847e-05,0.00013950923643608613,0.0,0.00016765307929462312,6.140233241028613e-06,9.702671811742375e-05
MOM_Return12m_TSR_252D,5.4125327697150713e-05,0.00011310943913902947,1.6924847636704024e-05,2.854442497354332e-05,1.8035673291609195e-05,0.00011874733059468141
MOM_High52wDist_TSZ_20D,5.030592132251682e-05,3.372285764715288e-05,0.0,1.883793666858466e-05,1.0824119896176825e-05,4.095490306791665e-06
MOM_High52wDist_TSR_252D,0.0,7.401345736444652e-05,0.0,2.5820524483083954e-05,1.632279645706035e-05,1.6393866909236237e-05
VOL_MAE5_TSZ_20D,0.0,3.771078291374144e-05,1.641025103924009e-06,8.947107871225501e-05,2.765597824352419e-05,1.1073444401648275e-05
VOL_MAE5_TSR_252D,6.28185473742815e-05,0.00010557823061137788,7.076300083793474e-06,0.00012062393623458946,7.238528118565204e-06,3.0627991754528995e-05
VOL_MAE10_TSZ_20D,2.0761489037073584e-06,2.392044174046808e-05,0.0,9.036786114904235e-06,9.991233907065307e-06,9.708259557622097e-06
VOL_MAE10_TSR_252D,0.0,3.2517420814704325e-05,0.0,3.215185893880004e-06,0.0,2.998384495955361e-06
VOL_DownsideRun_TSZ_20D,0.0,5.4328494902189114e-05,0.0,2.7159848498793588e-05,5.081223729357638e-06,5.8011271623542856e-05
VOL_DownsideRun_TSR_252D,2.3297768899369966e-05,9.805504770834043e-05,0.0,3.527379701601426e-05,0.0,2.5173632755251357e-05
VOL_ReturnSkewnessDiff_TSZ_20D,0.0,9.222233296616739e-05,0.0,0.0,0.0,4.940107770131662e-06
VOL_ReturnKurtosis_TSZ_20D,6.550748067021193e-06,2.1823794480400645e-05,0.0,3.536913538967623e-05,0.0,0.0
VOL_ReturnKurtosis_TSR_252D,0.0,3.520607216770854e-05,0.0,2.356700903077399e-06,0.0,1.179752432280204e-06
VOL_GapAbs_TSZ_20D,0.0,5.208969748375751e-05,8.527453394454213e-06,7.051120925755303e-05,6.171399451201169e-06,4.0280040036768924e-06
VOL_GapAbs_TSR_252D,1.1115763665791954e-05,8.116770212965126e-05,0.0,3.3255630966494235e-05,5.029348421859872e-06,8.809523266245409e-06
VOL_LargeMoveCount_TSZ_20D,0.0,2.6012063712597773e-05,0.0,5.5283507536224556e-06,1.3038300999494861e-05,0.0
VOL_LargeMoveCount_TSR_252D,0.0,4.609299521500236e-05,0.0,3.83161327222322e-05,0.0,6.613801103325399e-06
VOL_RangeRatioLong_TSZ_20D,1.646346579651161e-05,3.857205513331867e-05,0.0,6.327680992078543e-06,0.0,2.6982564955950193e-05
VOL_RangeRatioLong_TSR_252D,0.0,2.517613174496815e-05,0.0,4.266532594182117e-06,2.557074671416712e-06,7.831231729177894e-05
VOL_ATRRatio_TSZ_20D,6.630876227707401e-06,4.612166545668344e-05,0.0,1.2782763549948604e-05,6.035761282528572e-06,4.5390143571652516e-05
VOL_ATRRatio_TSR_252D,0.0,0.0001807621220397539,1.3237080803949104e-05,4.9419127570982196e-05,3.657911680649646e-06,8.18661827971493e-05
VOL_ATRSqueeze_TSZ_20D,0.0,0.00019315929705172785,0.0,1.875105418720304e-05,2.46296814215419e-06,1.4094158130525224e-05
VOL_ATRSqueeze_TSR_252D,0.0,7.554185506733026e-05,3.2368053087495147e-05,5.309847958845013e-06,0.0,7.350363594432495e-06
VOL_ATRSqueezeBB_TSZ_20D,1.754330088410344e-05,2.0175396966841952e-05,0.0,1.5162221643341489e-05,0.0,6.4832082341249476e-06
VOL_ATRSqueezeBB_TSR_252D,5.602372572756199e-06,2.848891206502195e-05,0.0,4.433395904503601e-05,0.0,1.3158367970715755e-05
VOL_HistVol20_TSZ_20D,0.0,1.2426791466357155e-05,0.0,1.8273578641734177e-05,8.449667963118028e-06,9.57438284447106e-06
VOL_HistVol20_TSR_252D,9.987223231076221e-07,2.5436253379487552e-05,0.0,4.4489263674708024e-05,0.0,8.368025300374295e-05
VOL_HV30_TSZ_20D,3.169152352886237e-05,0.00013125758278357554,1.3499550886029524e-05,0.00011897648479532431,5.726873515707365e-05,3.522155288763503e-05
VOL_HV30_TSR_252D,0.0,3.792171543855314e-05,0.0,0.0,1.355972319724227e-05,5.039467065538021e-05
VOL_HVSlope_TSZ_20D,0.0,5.562859846700345e-05,0.0,7.896532039452102e-06,1.2951629941411775e-05,4.051870956060229e-06
VOL_HVSlope_TSR_252D,1.4488130212059858e-05,0.00011752078449314738,0.0,7.200605093290851e-05,5.205145360681213e-06,1.8316039413134434e-05
VOL_RealizedSkew20_TSZ_20D,3.4222939018757586e-05,0.0005465841670674505,4.379591799427759e-06,5.974374860788376e-06,0.0,3.0894729691606986e-06
VOL_RealizedSkew20_TSR_252D,1.5615002892106604e-05,3.55143626346815e-05,0.0,3.0284568596328946e-05,0.0,3.7405987838565775e-06
VOL_UlcerIndex14_TSZ_20D,0.0,6.58779425203286e-05,0.0,3.209130736966873e-05,0.0,8.737075036109289e-06
VOL_UlcerIndex14_TSR_252D,1.8950473662075504e-05,0.000143330734455679,6.924550444918329e-05,6.0488124247122676e-05,1.6717148212727233e-05,1.830714430615049e-05
VOL_ATRChgRate_TSZ_20D,0.0,5.7299618067113665e-05,0.0,0.0,0.0,7.270013643809642e-06
VOL_ATRChgRate_TSR_252D,0.0,3.155301614150054e-05,0.0,1.276059094005154e-05,0.0,0.0
VOL_VolatilityParkinson_TSZ_20D,4.643601858513664e-06,6.624599122687344e-05,0.0,1.6025368434948213e-05,0.0,4.085855356104218e-05
VOL_VolatilityParkinson_TSR_252D,0.0,0.0005155236968153977,0.0,0.00011559417676386096,0.0,3.11390673882261e-05
VOL_ReturnVolatility_TSZ_20D,5.9134603350622244e-05,5.121632899287212e-05,2.240487763438355e-05,0.00012135400921736293,0.0,2.27756082195167e-05
VOL_ReturnVolatility_TSR_252D,0.0,2.8332628315870475e-05,8.758850646390934e-06,3.054131392761648e-05,0.0,3.3531319045540017e-06
VOL_VolRatioHV_TSZ_20D,1.2317436470977363e-05,0.00021242242653548397,5.955017090659898e-05,0.00011866750972608897,0.0,1.9284311510704463e-05
VOL_VolRatioHV_TSR_252D,5.137914814018689e-06,7.245042513193221e-05,1.887725608192686e-05,2.8298284825885217e-05,0.0,1.1060938833892764e-05
VOL_DownsideDev60_TSZ_20D,0.0,0.00028651452368485983,0.0,3.411632216545027e-05,0.0,2.0084284356327567e-05
VOL_DownsideDev60_TSR_252D,0.0,0.00016573788019592665,0.0,6.9673757944173e-05,0.0,3.208543191119766e-06
VOL_Volatility60_TSZ_20D,0.0,3.675091715006243e-05,1.8138192277950436e-05,2.9239321708821945e-05,2.797864978130099e-05,3.639511750897303e-06
VOL_Volatility60_TSR_252D,0.0,0.00012309506375482397,0.0,5.8827949873045966e-05,6.216020785646765e-06,1.5969886310289723e-05
LIQ_AbnormalVolume_TSZ_20D,0.0,3.6081002030641477e-06,0.0,9.952858996469869e-06,0.0,0.0
LIQ_AbnormalVolume_TSR_252D,0.0,1.3886519236456944e-05,0.0,3.022584877067335e-05,1.3231186342691285e-06,2.409789912455386e-05
LIQ_VolumeChange_TSR_252D,0.0,1.581834463241377e-05,0.0,4.211798540897735e-06,0.0,1.1232735180713238e-05
LIQ_VolumeSlope5_TSR_252D,0.0,1.9326539545078362e-05,0.0,1.554950002195435e-05,0.0,0.0
LIQ_LogTradingCap_TSR_252D,0.0,3.233780692977321e-05,0.0,2.2308595606567423e-06,0.0,0.0
LIQ_MFI14_TSZ_20D,0.0,1.2407232206767752e-05,1.6279760152020422e-05,2.144581468084402e-05,0.0,1.5071027310448225e-05
LIQ_MFI14_TSR_252D,0.0,2.0475986818976848e-05,0.0,0.0,0.0,0.0
LIQ_VolRatio5d_TSR_252D,0.0,2.2507382656232672e-05,0.0,0.0,0.0,0.0
LIQ_VolSpikeCount20_TSZ_20D,0.0,6.181414765112094e-06,0.0,0.0,0.0,0.0
LIQ_VolSpikeCount20_TSR_252D,0.0,3.31514694773876e-05,0.0,6.373853878326138e-05,1.2608693583568458e-05,0.0
LIQ_VolUpDownRatio_TSZ_20D,3.5577702786455027e-06,5.197645612315586e-05,0.0,1.4991557325360532e-05,0.0,0.0
LIQ_VolUpDownRatio_TSR_252D,0.0,1.9590164791697863e-05,0.0,2.2966481126009082e-06,0.0,0.0
VOL_VolumeMA25_TSZ_20D,0.0,2.0198640403290644e-05,0.0,8.682441664821924e-06,1.67533103781724e-05,1.2099222041802753e-05
VOL_VolumeMA25_TSR_252D,0.0,6.76894995005421e-05,0.0,1.6798298951812412e-06,0.0,6.223299553999671e-05
LIQ_TurnoverRatio_TSZ_20D,4.662323013539468e-06,1.0175788374516662e-05,0.0,0.0,0.0,1.281132240223733e-05
LIQ_TurnoverRatio_TSR_252D,1.2350151880437338e-05,2.7342037471823357e-05,0.0,5.5360835584780155e-06,1.4199964834665763e-05,1.742694971475685e-05
LIQ_AmihudIlliq_TSZ_20D,0.0,1.4250267858984214e-05,0.0,0.0,2.4189655574764035e-06,3.891855947328089e-06
LIQ_AmihudIlliq_TSR_252D,7.883600024224461e-06,4.80079027281918e-05,0.0,6.28999276999052e-05,0.0,1.953213366231093e-05
VAL_LogPBR_TSZ_20D,0.0,3.205495809435097e-05,0.0,0.00019205033328390132,4.1825201373119596e-05,3.0492996142355444e-05
VAL_LogPBR_TSR_252D,5.972841432860337e-05,0.0001131007373067167,1.0101101689959947e-05,9.179688885976203e-05,3.5069927811636255e-05,0.00010974137891946269
VAL_EarningsYield_TSZ_20D,1.1432869356396421e-05,3.0206523331688916e-05,0.0,5.630013003281866e-05,0.0,5.198263988816507e-06
VAL_EarningsYield_TSR_252D,1.3110805757101235e-05,2.7344185317850676e-05,5.263867417034899e-06,1.923913402908948e-05,4.695808658307503e-06,4.441378976510312e-05
QLT_Accruals_TSZ_20D,0.0,2.5349788161532493e-05,0.0,0.0,0.0,1.3765691693409817e-05
QLT_Accruals_TSR_252D,0.0,1.5170768476276011e-05,0.0,0.0,0.0,0.0
QLT_EquityRatio_TSZ_20D,1.2772992216717863e-05,6.091197336427629e-06,0.0,7.744195529955663e-06,0.0,5.809044925123187e-06
QLT_EquityRatio_TSR_252D,0.0,7.250763056644222e-05,0.0,1.0084430151521768e-05,0.0,7.291955304193442e-06
QLT_OPMargin_TSZ_20D,0.0,5.692388850840632e-05,0.0,9.14590525945759e-06,2.668566657227111e-05,1.8712575646017998e-05
QLT_OPMargin_TSR_252D,1.6216667210590917e-05,0.0002553926484118737,0.0,1.2840089401104586e-05,0.0,1.6819564040054625e-05
QLT_ROE_TSZ_20D,0.0,3.390229195720971e-05,0.0,0.0,0.0,0.0
QLT_ROE_TSR_252D,1.8183108227449316e-05,9.673508453210225e-05,0.0,5.981601821627855e-05,1.8414110051792474e-05,6.936272403520807e-05
QLT_OperatingProfitGrowthYOY_TSZ_20D,1.4155366028779752e-05,5.344631870944332e-05,1.4973383480845935e-05,2.6818311320928634e-05,5.258338153378502e-06,4.0228508890785246e-05
QLT_OperatingProfitGrowthYOY_TSR_252D,0.0002043760000957471,0.0003039643601989513,0.0,3.5089276344416916e-05,0.0,8.566600505478884e-05
QLT_SalesGrowthYOY_TSZ_20D,0.0,8.068954321679884e-05,1.0285835317005045e-05,4.850863868111585e-05,1.7994323671370197e-05,7.378689790340609e-05
QLT_SalesGrowthYOY_TSR_252D,1.1242945980804493e-05,7.476477543892708e-05,0.0,2.7118746081174743e-05,1.3151943570268745e-05,2.0345999467220018e-05
QLT_EPSGrowthYOY_TSZ_20D,0.0,1.7724006454458446e-05,0.0,1.8653980510372716e-05,0.0,9.503783953556094e-06
QLT_EPSGrowthYOY_TSR_252D,0.0,6.400893475131804e-06,0.0,1.674672170509901e-05,0.0,2.086025270439555e-05
SPD_DistVWAP5_TSZ_20D,5.861101110896397e-06,0.00047143917248825587,4.778084009791047e-06,0.00012842578650331697,1.4020269936328301e-05,6.0117976540351804e-05
SPD_DistVWAP5_TSR_252D,3.1714584412377434e-05,7.65791867574438e-05,0.0,5.3446039376315545e-05,2.311720594795734e-05,5.164906657097792e-06
SPD_DistVWAPSlope_TSR_252D,0.0,3.1631927096615903e-05,0.0,4.2229866332553376e-05,1.1269184763680543e-05,6.642869949478638e-05
SPD_VWAPDev_TSZ_20D,0.0,3.9185934285526146e-05,0.0,8.268898847032645e-06,0.0,1.1006781064032314e-05
SPD_VWAPDev_TSR_252D,0.0,4.191942733815201e-05,4.770026620036508e-06,7.618071420174799e-06,0.0,4.516055491082176e-05
SPD_MarginBuyImpact_TSZ_20D,0.0,1.2133740685716549e-05,0.0,7.373757307521805e-06,0.0,0.0
SPD_MarginBuyImpact_TSR_252D,0.0,3.831605926300858e-05,0.0,1.2412017189800838e-06,0.0,0.0
SPD_MarginRatio_TSZ_20D,0.0,4.361457013904337e-06,0.0,0.0,0.0,2.163875470277382e-06
SPD_MarginRatio_TSR_252D,0.0,8.707552582026015e-05,0.0,0.0,0.0,0.0
SPD_MarginRatioDelta4w_TSZ_20D,0.0,4.911571822705506e-06,0.0,0.0,0.0,1.0606011964487508e-05
SPD_MarginRatioDelta4w_TSR_252D,0.0,5.191840668848775e-06,0.0,0.0,0.0,0.0
SPD_MarketForeignBuy_TSZ_20D,0.0007388732651604515,0.001985452130101405,0.00022416570850731192,0.0010568467230944573,0.0002786494632561206,0.000454636678948379
SPD_MarketForeignBuy_TSR_252D,0.00019395417128385747,0.0004394979947179293,0.00013771104950075085,0.0002349881687696385,8.029426050317056e-05,0.0004979114077684246
SPD_MarketIndividualBuy_TSZ_20D,0.0003994805417919117,0.0018215175243811155,0.00027987294313354844,0.0004828033625318597,0.00029168371177721306,0.0004275571089937101
SPD_MarketIndividualBuy_TSR_252D,0.0001961195859776836,0.0008971031783148141,0.0001510973616500463,0.0004222912398169906,0.00016347211057812493,0.0004846996914030795
SPD_OverseaFlowTrend_TSZ_20D,0.000665231519426695,0.0019890020124647117,0.00020539738769649872,0.0008713927931314177,0.0004688196176263763,0.0013689142536190487
SPD_OverseaFlowTrend_TSR_252D,0.00020522615244235434,0.003100068426759329,0.00020977739824021697,0.0002793545760744982,0.00016931482308437605,0.0012493970808155946
SPD_FlowAccel_TSZ_20D,0.001295536287371706,0.0021639481040672806,0.00019456858752721278,0.0006248318483612733,0.0004059145115184789,0.002041680627340593
SPD_FlowAccel_TSR_252D,0.0001651200388994684,0.000491593224674298,9.555489979928997e-05,0.00038317558221836356,7.910114806883115e-05,0.0005298321767517473
BET_Beta60_TSZ_20D,0.0,0.00019028852346843404,0.0,0.0,0.0,3.590627161494388e-05
BET_Beta60_TSR_252D,3.927245180259498e-06,4.666436028869338e-05,0.0,5.339206586521798e-05,0.0,9.372959224962718e-06
BET_RS25_TSZ_20D,0.0,0.00010122615518316966,8.317883924588472e-06,2.1812530557178666e-05,2.344452046473505e-05,2.566857548853233e-05
BET_RS25_TSR_252D,3.099645257045418e-05,2.25851020765181e-05,0.0,5.4409934940532146e-05,0.0,4.937753791952745e-05
BET_MarketReturn_TSR_252D,0.00045932630370834295,0.00046871057743105014,0.00012766550861806965,0.00031162663180097185,0.0002765792105423708,0.001023468807638178
BET_MarketTrendIdx_TSZ_20D,0.001428565597883666,0.0022359693753424953,0.0003498548371961765,0.0007430382287502768,0.0005320335226666316,0.0012270684201941353
BET_MarketTrendIdx_TSR_252D,0.0021689524436196267,0.001868245128766487,0.0012709434845813528,0.003597064434215411,0.002144177993893804,0.003234146125408287
BET_MarketHV20_TSZ_20D,0.00023577499820566354,0.001105091610295688,0.0005788313517821025,0.0009831058794065254,0.001104882243629206,0.0009454876414324817
BET_MarketHV20_TSR_252D,0.0009615819791447841,0.0020981677138336603,0.0012604051502955373,0.0008040191744024919,0.0012241862919547429,0.0009289266650259271
BET_MarketVolChange_TSZ_20D,0.00040601397075779613,0.0013667681669823062,0.00037011915564425944,0.0006623876930326434,0.00016807697721008097,0.0006427913082428861
BET_MarketVolChange_TSR_252D,0.0005725034393981901,0.0017543949086992674,0.0005902812788573395,0.003167557069139201,0.00029663980205043303,0.0015136554980985162
BET_SectorMomentum5d_TSZ_20D,0.0001001587797923327,0.0006680627795804288,0.00013460765291517981,0.0002626723201042842,0.0004232141188537896,0.0019301077455397087
BET_SectorMomentum5d_TSR_252D,0.00016421277084253827,0.00020894783864268944,8.532441732308265e-05,0.00010315010997019795,9.031651718017765e-05,0.0001856662908298784
BET_SectorReturn_TSR_252D,0.00025950123326758074,0.0018087780949338403,6.784270436107244e-05,0.0009845216410191164,0.00013011856362120939,0.00026795078877908863
BET_SectorRel_TSZ_20D,1.8529068781901525e-05,8.555971306770902e-05,4.340516058769566e-05,6.572048091230426e-05,5.257949069341495e-05,4.127428503348024e-05
BET_SectorRel_TSR_252D,7.275374066602469e-05,0.0004788529490548527,9.394778182330941e-05,0.00030917328606715585,5.4881496933269164e-05,0.0002352056547295284
BET_RelSectorReturn5d_TSZ_20D,1.7173256015810192e-05,0.00012398602954005544,0.0,3.7275439419348156e-05,0.0,2.067261401347373e-05
BET_SectorRelStrength60_TSZ_20D,9.780933592697421e-05,0.00039160931362580454,7.082566792981256e-05,0.00011895318877278077,8.922702619834623e-05,0.00019104049775420893
BET_SectorRelStrength60_TSR_252D,3.468467106431867e-05,0.00030313235645159064,4.091115014168535e-05,0.00015667610593943015,3.538069154683595e-05,0.0001934990822467218
CON_RevisionRate_TSZ_20D,3.438272637788759e-06,0.0,0.0,5.573838036176626e-06,0.0,4.300598222173492e-06
CON_RevisionRate_TSR_252D,0.0,9.225136773357955e-06,0.0,2.3733384207763607e-05,0.0,1.7779064295337477e-05
CON_ProgressRate_TSZ_20D,0.0,6.550212336741518e-05,0.0,1.6369534773191928e-05,0.0,3.121759496656967e-05
CON_ProgressRate_TSR_252D,2.4997322749319483e-05,0.00021518323315369077,4.288465877701506e-06,6.40391369463289e-05,8.095569272726559e-05,5.034924434625468e-05
MOM_ADX14_SNZ,3.3867800492060237e-06,3.8411486364598e-05,1.64743662121262e-05,1.8216248581799787e-05,7.490729012309116e-06,3.248617905301895e-06
MOM_DistSMA5_CSZ,4.692454219641638e-06,1.66790028311352e-05,0.0,3.165771314521107e-05,2.6953581243011774e-05,4.268623021610118e-05
MOM_DistSMA5_SNZ,6.258074118185129e-06,1.0006336891350963e-05,0.0,7.097729425311128e-06,5.583388219751676e-06,0.0
MOM_DistSMA5-25_CSZ,8.095091616713554e-06,2.2732170583214765e-05,0.0,4.3920104487279356e-05,0.0,7.511711561147267e-06
MOM_DistSMA5-25_SNZ,0.0,3.617045081652252e-05,0.0,3.728631192438565e-05,0.0,2.5302762394203503e-06
MOM_DistSMA25-75_CSZ,0.00021235212648371694,0.00026373529657087427,2.3312708302558617e-05,4.614760206901395e-05,0.00011235137356711777,0.00011903604281874949
MOM_DistSMA25-75_SNZ,4.116100204257665e-06,5.158389766646322e-05,0.0,7.161995331750714e-06,0.0,3.4353374241233007e-06
MOM_EfficiencyRatio10_SNZ,0.0,9.805940408951347e-06,0.0,3.0884890820120234e-06,0.0,1.2736983111059115e-05
MOM_LinRegSlope10_CSR,0.0,2.24092258777873e-05,0.0,0.0,0.0,1.5987442718407566e-05
MOM_LinRegSlope10_CSZ,5.084634232938065e-06,3.8987512528783186e-05,3.226544666587037e-05,9.794615891875096e-06,0.0,8.959765595956296e-06
MOM_LinRegSlope10_SNZ,0.0,0.00016735547026726046,0.0,0.0,0.0,0.0
MOM_MACDHistNorm_SNZ,0.0,0.00016270817588649592,0.0,5.87446355326506e-06,0.0,5.77429286113252e-06
MOM_MACDHistDiff_SNZ,2.439999524049041e-05,9.372964991048472e-05,0.0,8.618663407320368e-05,2.2246298031174084e-05,0.0
MOM_DistHigh60_CSZ,4.051895778747781e-05,6.025853222147853e-05,4.284064287063985e-06,6.776807372038535e-05,1.9084886903324798e-05,3.7385380931176016e-05
MOM_DistHigh60_SNZ,0.0,2.253716875883948e-05,4.268697634265883e-06,1.333816320845134e-06,0.0,0.0
MOM_DistKijun_SNZ,0.0,8.606799163429845e-06,0.0,0.0,0.0,0.0
MOM_NewHighFlag3_CSZ,0.0002148180013654509,0.0012889490459159342,0.00014186932047492948,0.0016900715139875088,0.0008222662469595038,0.0003756406048893644
MOM_NewHighFlag3_SNZ,4.057989714901071e-05,0.00017093805421177353,1.1178493162717683e-05,0.0002787625096640533,7.927739760408726e-05,0.00015865562821007275
MOM_PricePos120_SNZ,2.382507141047294e-05,0.00022107765086941451,0.0,5.5753184840047124e-05,0.0,2.4048827230372965e-05
MOM_IchimokuDist_SNZ,1.625804072703038e-05,6.31948420482388e-06,0.0,1.6209688872480633e-06,0.0,3.168754928035692e-06
MOM_Return3d_CSZ,5.121263791885227e-06,4.971470445258964e-05,0.0,1.2846711372389467e-05,8.657178938766718e-06,1.2306568909174971e-05
MOM_Return3d_SNZ,0.0,2.49052619355265e-05,0.0,0.0,0.0,0.0
MOM_Return5d_CSZ,8.46722562998107e-05,0.0001280928532220246,6.04502557800888e-05,7.454379152036154e-05,0.0,2.5436006471498954e-05
MOM_Return10d_CSZ,0.0,4.664037160274195e-05,0.0,2.7931365481638823e-05,0.0,2.117939793408429e-05
MOM_Return10d_SNZ,0.0,2.2619401239162668e-05,0.0,0.0,2.3202325132432123e-06,1.4521514565345025e-05
MOM_Return20d_CSZ,0.00010259506709700137,0.00011794202546602205,0.0,9.969845775316168e-05,4.168632507104053e-05,5.864989266546592e-05
MOM_Return20d_SNZ,0.0,3.534922375037587e-05,0.0,6.255883290908735e-06,0.0,6.685987574804025e-06
MOM_Return1dLag1_SNZ,0.0,4.685473970436192e-05,0.0,9.443295528463933e-06,0.0,6.090046120093652e-06
MOM_Return1dLag2_SNZ,0.0,0.0003554014281952678,0.0,4.930231102567593e-05,2.3796333867447866e-06,1.4292102793676218e-05
MOM_RSI9_SNZ,1.0820258421912317e-05,1.9071936456786523e-05,0.0,5.3458525901835445e-06,0.0,0.0
MOM_RSI9-14Diff_SNZ,0.0,1.3880341413609514e-05,0.0,3.93408186462124e-06,0.0,3.5603451568683205e-06
MOM_BBPercentB_SNZ,0.0,2.5988865315040985e-05,0.0,1.9969295749636225e-05,4.399007021620601e-06,0.0
MOM_BodyRatio_SNZ,0.0,1.1701674347515542e-05,0.0,0.0,0.0,0.0
MOM_UpperShadowRatio_SNZ,0.0,2.2585170015989457e-06,0.0,0.0,0.0,0.0
MOM_LowerShadowRatio_SNZ,0.0,8.886383062749038e-06,1.3574424895962946e-05,0.0,0.0,0.0
MOM_IntradayStrength_SNZ,0.0,2.5608236255493057e-05,0.0,7.290729946764175e-06,0.0,0.0
MOM_LowerShadowMA5_SNZ,0.0,4.5129329380384696e-05,0.0,7.743965087401106e-05,0.0,0.0
MOM_Streak_SNZ,0.0,1.8072912575032596e-05,0.0,2.5264972941522074e-05,0.0,9.945551672094502e-06
MOM_BullishRatio20_SNZ,0.0,1.9472888346759908e-05,0.0,9.843208478577792e-06,0.0,7.30199319964314e-06
MOM_ClosePosition_SNZ,0.0,6.57913666170866e-05,0.0,2.6142752942050263e-05,3.040614637788713e-06,0.0
MOM_GapRate_SNZ,7.446400132683863e-05,0.0001298011862816471,4.495642203702229e-05,3.881739472130173e-05,0.00010951184313085645,3.416134285220573e-05
MOM_MaxGain5_CSZ,0.0,4.8912975044935446e-05,0.0,2.7821067563436267e-05,2.024823188388069e-06,1.0022471157498955e-05
MOM_MaxGain5_SNZ,1.5229931948379449e-06,1.9302958912771604e-05,7.2924958154282385e-06,3.5397275161025224e-06,0.0,3.716288938948346e-06
MOM_RCI9_SNZ,0.0,0.00013055981300556636,0.0,4.1388374444064735e-05,0.0,3.3475655391143515e-06
MOM_RCI9Diff_SNZ,7.14499967271003e-05,6.685223391861467e-05,0.0,9.54628118890226e-05,0.0,3.799449373161891e-05
MOM_RCI26_SNZ,0.0,4.2362132031179825e-05,0.0,3.113632142571699e-05,0.0,1.0048930066601372e-05
MOM_RCI26Diff_SNZ,0.0,1.460259086156797e-05,0.0,0.0,0.0,0.0
MOM_RCI52_SNZ,2.632871538437502e-05,4.926734414161612e-05,6.392950070543719e-05,3.628093958507254e-05,7.2072097468355995e-06,1.6674662243253396e-05
MOM_Momentum12-1_CSZ,2.3331498833735604e-05,0.00019817756775424413,1.8775415295120103e-05,0.0001274399647779465,6.098749887072496e-05,7.82471294848903e-05
MOM_Momentum12-1_SNZ,1.8950683579754907e-05,0.0002185464927399704,0.0,2.4325589194878106e-05,2.5477889045392345e-05,0.00010348626869916707
MOM_RetIntraday_SNZ,1.575977738712401e-05,2.027678182591727e-05,6.002978523247698e-06,5.02401114486266e-06,0.0,1.8410446249516758e-05
MOM_WinRate10d_SNZ,0.0,9.479639207227649e-06,0.0,1.4947611359409884e-05,0.0,0.0
MOM_MADev25_CSZ,6.801679068206551e-05,6.00840701546201e-05,0.0,4.4799671599680026e-05,2.4582390020829478e-05,3.527249073320935e-05
MOM_MADev25_SNZ,0.0,2.0795772246083537e-05,0.0,1.0251279023428302e-05,0.0,0.0
MOM_MADev75_CSZ,0.00027471291410138647,0.00033651809860831764,2.3141272126658573e-05,7.509708206036428e-05,6.618847414706854e-05,0.00017333072439979335
MOM_MADev75_SNZ,3.7267532717993166e-05,1.965140747624307e-05,0.0,2.744451704083038e-05,0.0,2.42053559440387e-06
MOM_MADev200_CSZ,8.213921705960362e-05,6.469160696674694e-05,0.00011668310739591836,0.00010039725608843539,2.26341728457469e-05,8.752726781996551e-05
MOM_MADev200_SNZ,0.0,3.104686246983742e-05,0.0,5.080146329674631e-06,0.0,1.0831630674319662e-05
MOM_Return6m_CSZ,1.3663752331617929e-05,7.449507442323396e-05,8.721169117573764e-06,3.690410724501776e-05,1.3703827085616077e-05,0.00010425258325496446
MOM_Return6m_SNZ,0.0,6.0035150325483036e-05,4.494450700829086e-06,1.4970797656450755e-05,0.0,1.6921300536399816e-05
MOM_Return12m_CSZ,5.406747784703151e-05,0.00015901183704052028,4.3998648134695776e-05,0.00023874267932480746,4.306145504531018e-05,0.00016354617585667033
MOM_Return12m_SNZ,3.358784243958027e-05,5.16649137393423e-05,2.021451012239099e-05,3.06763988431591e-05,1.8203390522950066e-05,1.8771911249553188e-05
MOM_High52wDist_CSZ,4.4539811379083334e-05,0.00022158980643552798,4.586433039721257e-05,0.00014395571297916843,1.7529911701474696e-05,4.326184187198076e-05
MOM_High52wDist_SNZ,7.161739320318731e-06,0.00018477140585442347,0.0,0.00011691059840188851,2.8596436951128035e-06,7.697768215094583e-05
VOL_MAE5_SNZ,0.0,1.307159958735133e-05,0.0,1.8684788095089435e-05,0.0,3.5453790646824674e-06
VOL_MAE10_CSZ,4.1223532204912784e-05,4.9274329369650575e-05,0.0,1.4492599560078913e-05,2.4378209766902565e-06,4.092480773927115e-05
VOL_MAE10_SNZ,0.0,5.020748328046339e-05,0.0,0.0,0.0,9.730565953437992e-06
VOL_DownsideRun_SNZ,2.653607382903083e-05,0.00010224870642039553,7.33321558682245e-06,9.115873157358354e-06,5.146485892550087e-06,2.0117874777816598e-05
VOL_ReturnSkewnessDiff_SNZ,0.0,2.9086806012316476e-05,0.0,1.621814473712393e-06,0.0,8.987727571994804e-06
VOL_ReturnKurtosis_SNZ,0.0,1.531431340781335e-05,0.0,0.0,4.078262618705458e-06,0.0
VOL_GapAbs_SNZ,0.0,1.3969450526652536e-05,0.0,0.0,0.0,0.0
VOL_LargeMoveCount_CSZ,0.00012175363143006798,5.3756574379752363e-05,0.0001391818609531299,3.742844474201692e-05,3.914389383637454e-05,7.581796039202823e-05
VOL_LargeMoveCount_SNZ,0.0,3.7499309333637435e-05,0.0,2.717821537065653e-05,0.0,0.0
VOL_RangeRatioLong_SNZ,0.0,5.191886866899375e-06,0.0,0.0,0.0,0.0
VOL_ATRRatio_CSZ,0.001727549707015731,0.0016263135487714696,0.0013209614709310338,0.0012869076158971442,0.0008595353917948667,0.0015718556666473738
VOL_ATRRatio_SNZ,0.0,0.00048780694527835984,0.0,0.00047587193558282193,3.639877728109439e-05,5.108527112200982e-05
VOL_ATRSqueeze_SNZ,8.139041951988513e-06,7.36239314998593e-05,8.17515695021397e-06,1.1364799251782575e-05,0.0,1.372031567447202e-05
VOL_ATRSqueezeBB_CSZ,0.0,5.075130649915229e-05,0.0,5.379746663570768e-05,3.952426631369285e-05,2.3643295860016367e-05
VOL_ATRSqueezeBB_SNZ,0.0,1.7025565771961457e-05,0.0,1.5658499570723712e-05,4.4595927115167926e-06,0.0
VOL_HistVol20_CSZ,2.9800534527169433e-06,7.849798706288832e-05,0.0,2.450457785111481e-05,2.447874950142561e-06,3.841756140734922e-05
VOL_HistVol20_SNZ,0.0,3.762299132245665e-05,0.0,6.476073719703198e-06,0.0,0.0
VOL_HV30_CSZ,7.801786272133008e-05,0.0001728885995677341,6.196544282022823e-05,6.333224930260307e-05,8.831651358457114e-05,0.00041517060092826827
VOL_HV30_SNZ,5.738392437362599e-06,6.015424846466203e-05,3.191381738967509e-05,1.219695080380585e-05,0.0,0.0
VOL_HVSlope_CSZ,2.67789354471345e-05,0.0003537958608615831,2.359620460948268e-05,0.0009674041378043644,6.420525090099703e-05,0.00020281335957672585
VOL_HVSlope_SNZ,2.8204384794890934e-05,0.0002170982647328108,0.0,0.0003387671851161728,2.6334121698347325e-05,0.00014622092335976562
VOL_RealizedSkew20_SNZ,0.0,2.2144280757312808e-05,0.0,1.8228171424183905e-05,0.0,4.369142998809287e-06
VOL_UlcerIndex14_CSZ,0.0,6.266490355314662e-05,6.048419837341476e-06,4.875973038018103e-05,7.203845368901704e-06,1.4148685817589382e-05
VOL_UlcerIndex14_SNZ,2.3699678581551072e-06,2.163623835655803e-05,0.0,1.3409532173840307e-05,0.0,0.0
VOL_ATRChgRate_SNZ,0.0,3.5539087778945374e-05,0.0,0.0,0.0,0.0
VOL_VolatilityParkinson_CSZ,0.0012152163566286922,0.0016007402695329726,0.0009437531193663541,0.0020938138868900956,0.0005617859619208256,0.00033545678421077236
VOL_VolatilityParkinson_SNZ,1.7629760965043128e-05,9.83926831622753e-05,8.449179211427445e-06,0.0004765146663881031,0.0,0.00023252311581049671
VOL_ReturnVolatility_CSZ,0.0,1.5288649662486e-05,2.8324427711966395e-05,3.386767121857615e-05,2.8595318959886087e-05,3.2573868497644077e-05
VOL_ReturnVolatility_SNZ,0.0,2.727691316833178e-05,0.0,1.1080824704105952e-05,0.0,9.86853609937853e-06
VOL_VolRatioHV_SNZ,0.0,2.2491471047734403e-05,0.0,0.0,0.0,0.0
VOL_DownsideDev60_CSZ,0.00012795475072709776,0.0007679800393888367,3.513023145180665e-05,0.00027248957008557234,8.210317279735817e-05,0.00014614377603901677
VOL_DownsideDev60_SNZ,1.595049868037089e-05,0.00010978940400977987,0.0,5.1845369372676545e-05,3.7725032008332076e-05,3.476339671400421e-05
VOL_Volatility60_CSZ,0.0012182253880117717,0.0008500065669582624,0.00014329705649196938,0.0010569715537730982,0.001076467060167135,0.0010974209284378234
VOL_Volatility60_SNZ,7.440715981741804e-06,2.9304869793013394e-05,0.0,1.5226390076798161e-05,0.0,3.4276956731210276e-05
LIQ_AbnormalVolume_CSZ,7.271721154761368e-06,2.3164943310011006e-05,4.070648872392047e-06,4.279448599832515e-06,0.0,0.0
LIQ_VolumeChange_CSZ,0.0,2.6217800199313725e-05,0.0,0.0,0.0,0.0
LIQ_VolumeSlope5_CSZ,0.0,6.8072371640925624e-06,0.0,7.157959057435512e-06,0.0,0.0
LIQ_LogTradingCap_CSZ,9.956538721862566e-06,5.978369560717473e-05,1.7848464651494644e-05,1.9694177051255613e-05,0.0,0.0001115846731494673
LIQ_MFI14_CSZ,1.562740883187673e-05,1.3586862443139337e-05,4.485458334361938e-06,2.1024000104192124e-05,0.0,0.0
LIQ_VolRatio5d_CSZ,0.0,4.5716345187787514e-05,0.0,1.180290522373353e-05,0.0,0.0
LIQ_VolSpikeCount20_CSZ,2.3184703431055087e-05,0.0003396201261393992,9.548531527580981e-05,0.00018583391981965536,7.218249446638167e-05,0.0004239449788585419
LIQ_VolUpDownRatio_CSZ,0.0,1.0227774761359023e-05,0.0,0.0,0.0,0.0
VOL_VolumeMA25_CSZ,6.593032466045316e-06,7.070398899272619e-05,0.0,2.655816416606259e-05,0.0,5.368313560849011e-05
VOL_VolumeMA25_SNZ,0.0,0.00031198236045263636,0.0,0.00012039490919210002,0.0,6.621808844412423e-05
LIQ_TurnoverRatio_CSZ,0.00013470292288741747,0.0001903375424404042,6.50764831086162e-05,0.0008359055294863782,0.00013396181311152523,0.0007531097251775419
LIQ_AmihudIlliq_CSR,0.0,2.6785945124821977e-05,0.0,1.7771856426947568e-05,0.0,5.654110371856163e-06
LIQ_AmihudIlliq_CSZ,0.0013952324609199681,0.0007913546823655401,0.0003006115700096541,0.00214235935393504,0.00023368111552927575,0.0022422693071948155
VAL_LogPBR_CSZ,0.0018082695530131593,0.0022577750181905624,0.0012293625435789632,0.0010819258208540222,0.0003735402248887355,0.0022254692444156495
VAL_LogPBR_SNZ,0.0004206381719756826,0.0005104022416009329,4.283657667687015e-05,0.00019867973399999316,4.616455892263079e-06,5.754032162389709e-05
VAL_EarningsYield_CSZ,0.0006815318724933149,0.002192498831601341,0.00011075878481834254,0.0016997501704990013,0.0,0.001214891791000106
VAL_EarningsYield_SNZ,0.0,5.508825077857107e-06,0.0,0.00013198203022065313,6.221965718754752e-06,1.599046240161176e-05
QLT_Accruals_CSZ,0.0,3.2146813587219946e-06,0.0,0.0,0.0,0.0
QLT_Accruals_SNZ,0.0,2.0066686064776666e-05,0.0,1.0807282132315533e-05,0.0,7.5633947625597725e-06
QLT_EquityRatio_CSZ,3.052786500501971e-06,5.096645208132929e-05,0.0,2.9538705416253284e-05,0.0,0.0001068075183751699
QLT_EquityRatio_SNZ,0.0,1.8694759822692744e-05,0.0,0.0,0.0,0.0
QLT_OPMargin_CSZ,0.0,5.957309937879655e-05,4.544638173897123e-06,1.6174656353026476e-05,9.658211543904765e-06,4.041299201255097e-06
QLT_OPMargin_SNZ,2.3134396596311157e-05,6.969154830814353e-05,1.7715082839371917e-05,1.393421032471667e-05,0.0,3.094642948020858e-05
QLT_ROA_CSZ,5.3150202340186514e-05,0.00015625943983975862,0.0,4.8536199307809003e-05,3.937660120061608e-06,0.00012942343692190494
QLT_ROA_SNZ,1.0668731527271453e-05,5.803930439824387e-05,0.0,5.021111302672732e-05,3.915946531742947e-06,4.5662475622391716e-05
QLT_ROE_CSZ,0.0,1.231337788844416e-05,0.0,6.87055067025024e-06,6.013012189611531e-06,1.1114696259251582e-05
QLT_ROE_SNZ,6.8975344196559254e-06,1.7958561754118225e-05,0.0,9.171931518373438e-06,0.0,3.471377322688016e-05
QLT_OperatingProfitGrowthYOY_SNZ,0.0,3.8543395260714756e-05,0.0,7.780914470599097e-06,1.7106868315372568e-05,9.908567494248592e-06
QLT_SalesGrowthYOY_CSZ,4.2038717158170976e-05,0.00011631532552669422,2.6670117441160753e-05,5.864205780965614e-05,2.2496873209599476e-05,9.102076347287983e-05
QLT_SalesGrowthYOY_SNZ,0.0,9.600909527800284e-05,1.813753038433985e-05,4.695855190955046e-05,1.9348825427660106e-05,3.150264715369715e-05
QLT_EPSGrowthYOY_SNZ,0.0,1.9088261816904468e-05,0.0,2.630416115557634e-05,0.0,1.2379413151206441e-05
SIZ_LogMarketCap_CSZ,0.00010449181933354108,0.0006341690983816053,4.417296092839876e-05,0.00023556023368649846,6.117817998621615e-05,0.0006246210324241905
SPD_DistVWAP5_CSZ,5.704831568736777e-06,4.6996024070024255e-05,0.0,7.95116387779791e-06,0.0,7.314306881519873e-06
SPD_DistVWAPSlope_CSZ,0.0,3.8242495197321676e-05,5.764369048656618e-06,1.1747919500777081e-05,0.0,3.126007388470512e-06
SPD_VWAPDev_CSR,1.7708475557611364e-05,0.0002568787784219355,0.0,0.00031121589292205806,7.00199633489663e-05,0.00010630322361402613
SPD_VWAPDev_CSZ,0.0005182082124817911,0.0010831998618667151,0.0,0.0006003611424077694,0.00012724375367405554,0.0002351318863935566
SPD_MarginBuyImpact_CSZ,0.00015436239504618452,0.0002519596083823917,8.855972435943106e-05,0.00016096678669330706,9.991513866818722e-05,6.292619533395703e-05
SPD_MarginRatio_CSZ,0.0,0.0005113254777913173,1.0260060935263046e-05,0.0005338074850877055,9.052171030762334e-05,0.0003655683965769556
SPD_MarginRatioDelta4w_CSZ,0.0,1.2211093839909688e-05,0.0,2.100746309081811e-06,0.0,0.0
SPD_MarketForeignBuy_CSR,4.9734034326998575e-05,3.908170399147556e-05,3.1675522200604086e-05,2.5983019416540643e-05,1.0976227952178898e-05,1.8754657234015014e-05
SPD_MarketForeignBuy_CSZ,0.00043306328477847985,0.0004025093789325881,0.00019262992629182202,0.0007910449888396728,0.00018722636595819853,0.00041935765310763436
SPD_MarketIndividualBuy_CSR,1.0822539585644592e-05,0.0001714747398150641,3.7335327992506663e-05,0.00029284225914090727,4.226127862093646e-05,4.166703261073167e-05
SPD_MarketIndividualBuy_CSZ,9.085587046843335e-05,0.00041170839671295475,0.00012186385742695997,0.00014598478174709635,0.00016327567330562165,0.0003677627241273023
SPD_OverseaFlowTrend_CSZ,0.0004727181456489963,0.0013750580323029541,0.0008758550923825072,0.0005111162285443941,0.0006522267117217666,0.00020654677986172942
SPD_FlowAccel_CSZ,0.00471704922049408,0.001074278998154685,0.00020143220365163712,0.0016319101959164925,0.00182884844602849,0.0013069996450436243
BET_Beta60_CSZ,0.00014851193684899241,0.00041127758307892053,0.00013350974389158432,0.0003468434165178505,0.00015908085730371126,0.000254498120916313
BET_Beta60_SNZ,5.921184996290893e-05,0.000155127873251188,6.0727894321056775e-05,6.0949243250943546e-05,7.076329111631709e-05,0.00014234414702163356
BET_RS25_CSZ,3.066556036938356e-05,0.00011758630415037013,0.0,0.00014297669748646784,2.6212340325574117e-05,5.595416220234624e-05
BET_RS25_SNZ,4.750733093355244e-06,8.842012643596068e-06,0.0,1.9864018516047546e-05,0.0,3.080304367568423e-06
BET_MarketReturn_CSR,0.0002182271218674617,0.00040080373109971883,0.0,0.00011894764663258551,0.00021610302114128137,0.00023658745540374896
BET_MarketReturn_CSZ,0.000240445899781903,0.0010190832984122275,0.0002284882313895249,0.0002228072390779117,0.00030751396805211507,0.0002234064895729472
BET_MarketReturn_SNZ,4.916896854810329e-05,0.0006832021166253738,2.515472803706148e-05,0.00019346542275033553,5.87960940290467e-05,0.0001861043177357393
BET_MarketTrendIdx_CSR,7.338026042009316e-05,0.0004384184196764366,6.330045637023142e-05,0.0002445543445402885,3.5211314354877766e-05,0.00026105091483105567
BET_MarketTrendIdx_CSZ,0.0005381050030104715,0.0013034534653516097,0.000176837347696375,0.0014692559262969138,0.00017126459504378285,0.00043284556024137397
BET_MarketTrendIdx_SNZ,1.1958617998264716e-05,0.00016748786698647902,1.7133680646048153e-05,0.00011473067927429653,2.5658943155003696e-05,3.114122683413941e-05
BET_MarketHV20_CSR,3.0729058384483646e-05,0.00047733781661407035,5.289439039854227e-05,6.729881756339148e-05,3.86418139519386e-05,5.453624050648363e-05
BET_MarketHV20_CSZ,0.00012052274985759272,0.0009904523929089152,0.0005356762862303098,0.0008534790936783828,0.00017337801813633333,0.0007100539013306831
BET_MarketHV20_SNZ,0.0,6.283042377630381e-05,7.1538187013217836e-06,0.0001457596609698125,1.0336268467907253e-05,4.8841879811932424e-05
BET_MarketVolChange_CSR,0.00046436388064166194,0.0005597368388035764,0.0008347826628126939,0.000542900160849157,0.0005047448685779683,0.0003314970995132046
BET_MarketVolChange_CSZ,0.0003853142156984776,0.0010796711856088331,0.0005993570460739036,0.001552998171717026,0.0002826955187373498,0.00051579686933934
BET_MarketVolChange_SNZ,3.848841365689718e-05,0.0005418389928448685,0.00019356347534891903,0.00014218007219665154,0.00016434229808205827,9.217991900468286e-05
BET_SectorMomentum5d_CSZ,6.043824138412646e-05,0.00015125959782019043,3.884751689949455e-05,0.00010759081651683837,5.407907881039948e-05,0.00011007005310395005
BET_SectorMomentum5d_SNZ,3.6523135043761746e-05,0.00014031271436968328,4.638756043836803e-06,6.944509180061021e-05,1.0030216277132663e-05,0.00010902643154050964
BET_SectorReturn_CSZ,2.242287163529602e-05,0.0005256922859186128,0.00010402615402332664,0.00040480184208357956,0.00012771725154922376,0.00024276381548665914
BET_SectorReturn_SNZ,6.465098689519314e-06,3.356193224085507e-05,0.0,9.903421196148492e-06,0.0,1.5408299922037986e-05
BET_SectorRel_CSR,0.0,9.015918252931686e-05,0.0,0.0001445146837306805,2.069262598899867e-05,8.512757759160005e-05
BET_SectorRel_CSZ,1.2461079519615446e-05,0.00011384727860840979,0.0,1.790375242511196e-05,1.6107455452262927e-05,2.8511778029347256e-05
BET_SectorRel_SNZ,1.5036116596714508e-06,2.8956817102437495e-05,0.0,9.084978455734903e-06,0.0,1.2676969950737447e-05
BET_RelSectorReturn1d_SNZ,1.5521578755904623e-05,0.00042899974004337793,0.0,2.627161942810374e-06,1.4765749929889414e-05,0.0
BET_RelSectorReturn5d_SNZ,0.0,7.206992174530701e-05,0.0,6.22224315535445e-06,0.0,0.0
BET_SectorRelStrength60_CSZ,9.34629897040612e-05,0.0011975640458862086,9.226558543875177e-05,7.418923753198906e-05,6.0783912949904e-05,0.0001241033019034279
BET_SectorRelStrength60_SNZ,2.0383051956207424e-05,0.00025648204245482523,2.622955952617104e-06,0.0002735671103206293,3.146176635641525e-05,0.00016776071691610104
EVT_EPSActual_CSZ,3.3587640443141014e-05,0.00016993455757776196,0.0,0.00016556197604672597,1.296963993437611e-05,7.832465545457735e-06
EVT_EPSActual_SNZ,0.0,5.920662820588203e-05,0.0,3.103934003976161e-05,0.0,6.793463568981071e-06
EVT_IsMissingEPS_CSZ,0.00022804433587583967,0.00011490369037792603,4.460874741225364e-05,0.00034737793088433175,0.00018801078915023904,0.000757149734862545
EVT_IsMissingEPS_SNZ,3.19379340820973e-05,7.923277753513886e-05,1.772237211571939e-05,4.3212898271739935e-05,6.318551128567569e-06,9.667846178401027e-06
EVT_LogDaysSincePub_CSR,0.0,1.983512607095866e-05,0.0,3.907940538817911e-05,0.0,6.846489614971159e-06
EVT_LogDaysSincePub_CSZ,0.0,4.620291769709241e-05,0.0,2.3411579468902996e-05,0.0,0.0
EVT_LogDaysSincePub_SNZ,0.0,1.799835877348782e-05,0.0,6.89823969229705e-06,0.0,3.835936226809384e-06
CON_RevisionRate_CSR,9.693192137269316e-05,0.0002783570879599697,9.107960717661831e-05,0.0006092485493842783,1.6482460181616916e-05,0.00021816872277335603
CON_RevisionRate_CSZ,0.0002570725657077244,0.0009043961084355493,5.866789266541583e-05,0.00041250904613458994,8.286363314145095e-05,0.0010753462638285864
CON_RevisionRate_SNZ,2.7424748014857127e-05,2.5594634168006664e-05,0.0,1.2589894808144723e-05,1.3049249899399729e-05,0.00011355944513432052
CON_ProgressRate_CSZ,1.1648553390583267e-05,8.414468182826351e-05,1.4036768109985095e-05,1.636820264863672e-05,0.0,7.314917406392004e-06
CON_ProgressRate_SNZ,0.0,1.2078953761131727e-05,7.672308024774668e-06,7.520990416351261e-06,0.0,4.792909767486281e-06
GOV_MarketSegment_CSZ,0.0003221471171149721,0.0007287722487044061,0.00013612883570970707,0.0003705481785894022,0.0002477100254707185,0.002215063371309282
GOV_MarketSegment_SNZ,8.5533809392967e-06,0.0003818138118877328,9.739683444946187e-05,0.00011539238495031676,2.602619487270169e-05,2.5964629220591857e-05
